{"403uw/OgJ3dnnZ1JM8d/ug==":"unnamed-122x122.png","8E0yZ8DnFxHhCuxStQu+lA==":"220509-original-350x301.png","2awBD+FQ+dgAvWn3GPjbpg==":"mbr-1620x1080.jpg","Os1hpkyKHdJTZJYYSjSiXg==":"01.jpg","Q8kyWdiPLYJ/4F1Ss+9IyA==":"03.jpg","HoeEF4HfT9nMa9Cg+v0y1w==":"02.jpg","0OOE1Usrtktm437Z/qTMRQ==":"background2.jpg","fj4EMBdTM9BH5b0DjVmstg==":"1%20qos8cni-a61skwlj8nf8iw-492x449.png","jUJPnceMIq4PoX6GX3MlWQ==":"photo-300x300.png","xMCQiWBRXc/KYHeoKblCfg==":"512x512-1-300x300.png","ZrCNjfllFy6Rk2VxNr4TuQ==":"user-256x256.png"}